,parameter,test,llr,p_value,sigsq_BM,sigsq_PL,lambda
1,beta.log10,BM_PL,6.621991184,0.015,5.629122669,1.171123619,2.75E-209
2,alpha,BM_PL,4.164045606,0.04,0.162504416,0.038229692,1.35E-213
3,umax,BM_PL,39.51134,0.001,0.1476122,0.005930634,3.40E-172
4,lag,BM_PL,8.293065,0.007,0.7339907,0.1404642,7.56E-195
5,yield,BM_PL,19.17472,0.001,4.11636,0.4601632,0.07068592