"","parameter","test","llr","p_value","sigsq_BM","sigsq_OU","alpha_OU","sigsq_GBM","slope_GBM"
"1","beta.log10","BM_OU",6.56978205336914,0.018,"5.6262909982141","9.35482622371294","2.71828182845905",NA,NA
"2","beta.log10","BM_GBM",3.0533654819469,0.056,"5.6262909982141",NA,NA,"0.0619602827515574","100"
"3","beta.log10","GBM_OU",3.51641657142197,0.057,NA,"9.35482643905751","2.71828182845905","0.0619602729264447","100"
"4","alpha","BM_OU",4.59791580377796,0.059,"0.166143603735873","0.304870689069714","2.71828182845905",NA,NA
"5","alpha","BM_GBM",2.56396598345357,0.09,"0.166143603735873",NA,NA,"0.00187500314908174","100"
"6","alpha","GBM_OU",2.03394982032434,0.165,NA,"0.304870689069714","2.71828182845905","0.00187500310719787","100"
