"","parameter","test","llr","p_value","sigsq_BM","sigsq_PL","lambda"
"1","beta.log10","BM_PL",6.62199118422839,0.015,"5.62912266851794","1.17112361879329","2.74815029979779e-209"
"2","alpha","BM_PL",4.16404560640454,0.04,"0.162504415580813","0.0382296917307901","1.34755205819249e-213"
