"","parameter","test","llr","p_value","sigsq_BM","sigsq_PL","lambda"
"1","beta.log10","BM_PL",-7.8159700933611e-13,0.702,"7.48638644886387","7.4863884931334","1"
"2","alpha","BM_PL",2.61571337169351,0.065,"0.169096935825827","0.0429714648968796","3.49951396924124e-139"
