"","Bacillus","test","llr","p_value","sigsq_BM","sigsq_PL","lambda"
"1","True","BM.PL",6.21959690772287,0.018981018981019,1.86623591664307,0.399466319260365,1.30109244252507e-141
"2","False","BM.PL",12.8246060100167,0.000999000999000999,1.66384670913021,0.253855906482511,3.99511520464674e-179
