"","Bacillus","test","llr","p_value","sigsq_BM","sigsq_OU","alpha"
"1","True","BM.OU",5.73341771157644,0.01998001998002,"1.86623591664307",3.30401561773652,2.71828182845905
"2","False","BM.OU",8.92896685170189,0.003996003996004,"1.66384670913021",2.45865587830726,2.71828182845905
