"","parameter","test","llr","p_value","sigsq_BM","sigsq_OU","alpha_OU","sigsq_GBM","slope_GBM"
"1","beta.log10","BM_OU",0.118839756408718,0.5,"7.19584961059605","8.05986792292829","0.305151009577933",NA,NA
"2","beta.log10","BM_GBM",0.093636472554266,0.5,"7.19584961059605",NA,NA,"4.69421955017125","0.665905986635982"
"3","beta.log10","GBM_OU",0.0252032838554044,1,NA,"8.05986792292829","0.305151009577933","4.69420730276505","0.665909796980235"
"4","alpha","BM_OU",4.11687231641594,1,"0.174616628827507","0.333881548376377","2.71828182845905",NA,NA
"5","alpha","BM_GBM",2.41734202380952,1,"0.174616628827507",NA,NA,"0.00200748937522343","99.9999712313893"
"6","alpha","GBM_OU",1.69953027624592,0.5,NA,"0.333881548376377","2.71828182845905","0.00200743873532654","100"
