"labels","model_items"
"phylom_intercept",0.478247521246585
"phylom_slope",-0.105489830172335
"lmm_intercept",0.531046609819984
"lmm_slope",-0.113176311322104
"r2_m",0.671597933427221
"p_value",1.2399617757272e-05
