"","Species","beta","alpha","mttf","N_0","beta.log10","mttf.log10","beta.log10.se","mttf.log10.se","beta.log10.lowCI","beta.log10.highCI","pooled.mttf.se","pooled.beta.se","pooled.alpha.se","N_0.se"
"1","KBS0812",3.71567329383541e-06,0.0819847731692144,1450.89920402348,3.2e+08,-5.9304081312824,3.01704765382697,0.364607999409457,0.201252782702641,-6.64503981012494,-5.21577645243987,NA,NA,NA,NA
