"","strain","rep","beta","alpha","std_dev","AIC","N.obs","beta.sd","alpha.sd","z.sd","mttf","mttf.sd","sd.ttf","sd.ttf.sd","N_0"
"1","KBS0812",1,1.31213218244457e-05,0.0898304141084086,0.624712706196821,150.177235712498,76,NA,NA,NA,723.742221018289,NA,664211.971811083,NA,2.3e+08
"2","KBS0812",2,6.80365796791733e-07,0.077348776724318,0.600207803715812,144.080913044904,76,NA,NA,NA,3517.43265684159,NA,10809478.2280457,NA,2.9e+08
"3","KBS0812",3,7.92785060798143e-07,0.080371582705,0.636320653362007,152.977287737421,76,NA,NA,NA,1169.39859262953,NA,2589689.6573925,NA,3.1e+08
"4","KBS0812",4,2.68220493306066e-07,0.0803883191391311,0.746550456697058,177.249445901903,76,NA,NA,NA,393.023345604498,NA,868852.124253716,NA,4.5e+08
